대업종,발생형태,,,,,,,,,,,,,,,,,,,,,,,,
,합계,떨어짐,넘어짐,부딪힘,물체에맞음,무너짐,끼임,절단베임찔림,감전,폭발파열,화재,깔림.뒤집힘,이상온도물체접촉,빠짐익사,불균형및무리한동작,화학물질누출접촉,산소결핍,사업장내교통사고,사업장외교통사고,업무상질병,체육행사,폭력행위,동물상해,기타,분류불능
합계,"113,305","13,277","28,606","10,051","7,390",409,"12,240","11,418",308,331,374,"2,581","4,972",15,"8,107",518,9,181,"8,828",0,"2,284",755,577,45,0
금융및보험업,591,33,287,30,9,1,16,18,1,1,0,2,5,0,45,0,0,0,45,0,65,6,27,0,0
광  업,113,27,17,13,20,4,12,1,2,0,0,5,3,1,2,1,0,0,2,0,0,0,0,0,0
제조업,"23,412","2,085","3,574","2,499","2,059",49,"6,459","2,600",93,154,136,593,638,0,"1,448",211,1,140,347,0,268,21,16,16,0
전기·가스·증기·수도사업,90,12,24,4,4,0,6,4,10,0,0,3,6,1,4,2,0,0,3,0,6,0,1,0,0
건설업,"21,524","5,905","4,019","2,146","2,375",293,"1,973","2,414",99,73,81,714,115,6,"1,027",76,4,2,136,0,9,22,15,6,0
운수·창고·통신업,"16,505","1,545","3,511","1,163",585,25,709,163,5,8,12,316,81,1,"1,243",25,0,20,"6,929",0,59,82,16,3,0
임  업,851,29,122,97,130,0,14,195,1,0,0,243,0,0,8,1,0,0,8,0,0,0,3,0,0
어  업,37,6,6,1,6,0,10,2,0,0,0,1,0,0,2,1,0,0,1,0,0,0,0,0,0
농  업,711,144,121,66,44,1,114,90,1,2,1,23,6,0,24,7,1,0,15,0,2,2,47,0,0
기타의사업,"49,471","3,491","16,925","4,032","2,158",36,"2,927","5,931",96,93,144,681,"4,118",6,"4,304",194,3,19,"1,342",0,"1,875",622,452,20,0