대업종,재해정도,,,,,,,
,요양재해자,사망자,6개월 이상,91~180일,29~90일,15~28일,8~14일,4~7일
합계,"106,912",874,"21,230","36,256","34,639","10,501","2,937",475
금융및보험업,465,1,71,159,170,41,17,6
광  업,143,12,42,54,31,2,1,1
제조업,"23,708",184,"5,391","9,234","7,183","1,324",330,62
전기·가스·증기·수도사업,105,2,19,40,37,6,1,0
건설업,"27,313",402,"7,451","10,563","6,933","1,514",406,44
운수·창고·통신업,"11,567",104,"1,951","3,240","4,368","1,495",362,47
임  업,927,11,247,333,268,58,9,1
어  업,56,1,15,17,20,0,2,1
농  업,630,7,146,215,201,49,11,1
기타의사업,"41,998",150,"5,897","12,401","15,428","6,012","1,798",312